{
  "editing-toolbar:header2-text": [
    {
      "modifiers": [
        "Mod"
      ],
      "key": "2"
    }
  ],
  "editing-toolbar:header3-text": [
    {
      "modifiers": [
        "Mod"
      ],
      "key": "3"
    }
  ],
  "editing-toolbar:header1-text": [
    {
      "modifiers": [
        "Mod"
      ],
      "key": "1"
    }
  ],
  "editing-toolbar:header4-text": [
    {
      "modifiers": [
        "Mod"
      ],
      "key": "4"
    }
  ],
  "editing-toolbar:header5-text": [
    {
      "modifiers": [
        "Mod"
      ],
      "key": "5"
    }
  ],
  "editing-toolbar:header6-text": [
    {
      "modifiers": [
        "Mod"
      ],
      "key": "6"
    }
  ],
  "editing-toolbar:header0-text": [
    {
      "modifiers": [
        "Mod"
      ],
      "key": "'"
    }
  ],
  "app:go-back": [
    {
      "modifiers": [
        "Ctrl",
        "Mod"
      ],
      "key": "ArrowLeft"
    }
  ],
  "app:go-forward": [
    {
      "modifiers": [
        "Ctrl",
        "Mod"
      ],
      "key": "ArrowRight"
    }
  ],
  "command-palette:open": [
    {
      "modifiers": [
        "Mod"
      ],
      "key": "O"
    }
  ],
  "switcher:open": [
    {
      "modifiers": [
        "Mod"
      ],
      "key": "P"
    }
  ],
  "workspace:goto-tab-1": [],
  "workspace:goto-tab-2": [],
  "workspace:goto-tab-3": [],
  "workspace:goto-tab-4": [],
  "workspace:goto-tab-5": [],
  "workspace:goto-tab-6": [],
  "workspace:goto-tab-7": [],
  "workspace:goto-tab-8": [],
  "editor:save-file": [],
  "nldates-obsidian:nlp-today": [
    {
      "modifiers": [
        "Mod"
      ],
      "key": "Y"
    }
  ],
  "editor:toggle-bold": [
    {
      "modifiers": [
        "Mod"
      ],
      "key": "B"
    }
  ],
  "editor:delete-paragraph": [],
  "insert-current-date": [
    {
      "modifiers": [
        "Mod"
      ],
      "key": "D"
    }
  ],
  "editor:toggle-strikethrough": [
    {
      "modifiers": [
        "Mod",
        "Shift"
      ],
      "key": "X"
    }
  ]
}
