{
  "main": {
    "id": "73f6ab4c4309c9ad",
    "type": "split",
    "children": [
      {
        "id": "3569705538c54414",
        "type": "tabs",
        "children": [
          {
            "id": "19f7e01f0a542e9c",
            "type": "leaf",
            "state": {
              "type": "markdown",
              "state": {
                "file": "office/cakedefi/infra.md",
                "mode": "source",
                "source": false
              }
            }
          }
        ]
      }
    ],
    "direction": "vertical"
  },
  "left": {
    "id": "9aec715e40fe0b5a",
    "type": "split",
    "children": [
      {
        "id": "1c70a10eecdd7016",
        "type": "tabs",
        "children": [
          {
            "id": "978fd2faf621af33",
            "type": "leaf",
            "state": {
              "type": "file-explorer",
              "state": {
                "sortOrder": "alphabetical"
              }
            }
          },
          {
            "id": "eae646b9619747a1",
            "type": "leaf",
            "state": {
              "type": "search",
              "state": {
                "query": "coinswap",
                "matchingCase": false,
                "explainSearch": true,
                "collapseAll": false,
                "extraContext": false,
                "sortOrder": "byModifiedTime"
              }
            }
          },
          {
            "id": "601242bcde43eecc",
            "type": "leaf",
            "state": {
              "type": "starred",
              "state": {}
            }
          },
          {
            "id": "49b522e32aa98db2",
            "type": "leaf",
            "state": {
              "type": "recent-files",
              "state": {}
            }
          },
          {
            "id": "bd18a4b6c2a58975",
            "type": "leaf",
            "state": {
              "type": "bookmarks",
              "state": {}
            }
          }
        ]
      }
    ],
    "direction": "horizontal",
    "width": 300
  },
  "right": {
    "id": "a8d7936637e41db9",
    "type": "split",
    "children": [
      {
        "id": "6f589876d77bdbf8",
        "type": "tabs",
        "children": [
          {
            "id": "9870e99c14257fc2",
            "type": "leaf",
            "state": {
              "type": "backlink",
              "state": {
                "file": "office/cakedefi/infra.md",
                "collapseAll": false,
                "extraContext": false,
                "sortOrder": "alphabetical",
                "showSearch": false,
                "searchQuery": "",
                "backlinkCollapsed": false,
                "unlinkedCollapsed": true
              }
            }
          },
          {
            "id": "8030d7701727900e",
            "type": "leaf",
            "state": {
              "type": "outgoing-link",
              "state": {
                "file": "office/cakedefi/infra.md",
                "linksCollapsed": false,
                "unlinkedCollapsed": true
              }
            }
          },
          {
            "id": "917be788c63afc8d",
            "type": "leaf",
            "state": {
              "type": "tag",
              "state": {
                "sortOrder": "frequency",
                "useHierarchy": true
              }
            }
          },
          {
            "id": "3a44f20d32c586d3",
            "type": "leaf",
            "state": {
              "type": "outline",
              "state": {
                "file": "office/cakedefi/infra.md"
              }
            }
          },
          {
            "id": "44031abfca79f000",
            "type": "leaf",
            "state": {
              "type": "calendar",
              "state": {}
            }
          },
          {
            "id": "cec9827f5e0bd9b7",
            "type": "leaf",
            "state": {
              "type": "advanced-tables-toolbar",
              "state": {}
            }
          },
          {
            "id": "395b03929294017d",
            "type": "leaf",
            "state": {
              "type": "review-queue-list-view",
              "state": {}
            }
          }
        ],
        "currentTab": 3
      }
    ],
    "direction": "horizontal",
    "width": 300
  },
  "left-ribbon": {
    "hiddenItems": {
      "switcher:Open quick switcher": false,
      "graph:Open graph view": false,
      "canvas:Create new canvas": false,
      "daily-notes:Open today's daily note": false,
      "templates:Insert template": false,
      "command-palette:Open command palette": false,
      "obsidian-spaced-repetition:Review flashcards": false,
      "table-editor-obsidian:Advanced Tables Toolbar": false,
      "periodic-notes:Open today": false
    }
  },
  "active": "978fd2faf621af33",
  "lastOpenFiles": [
    "languages/sql/dql-data-query-language/readme.md",
    "languages/sql/dql-data-query-language/analytical-queries.md",
    "languages/sql/dql-data-query-language/aggregation-queries.md",
    "languages/sql/others.md",
    "languages/sql/readme.md",
    "office/cakedefi/product.md",
    "office/cakedefi/tables.md",
    "office/cakedefi/operations.md",
    "office/cakedefi/todo.md",
    "decentralized-applications/coins-tokens-chains/readme.md",
    "decentralized-applications/coins-tokens-chains/bitcoin.md",
    "decentralized-applications/coins-tokens-chains/coin-token-intro.md",
    "office/keep/deepak-banks.md",
    "devops/ides/vscode-vs-code.md",
    "ai/data-science/tableau/concepts.md",
    "ai/data-science/tableau/dashboarding.md",
    "ai/data-science/tableau/others.md",
    "ai/data-science/tableau/readme.md",
    "devops/ides/youtube-podcasts-magazine-apps.md",
    "economics/market-terms/futures-options-trading.md",
    "office/cakedefi/infra.md",
    "office/keep/neha.md",
    "office/personality/addresses-electricity.md",
    "ai/llm/design-patterns.md",
    "ai/llm/readme.md",
    "ai/llm/llm-building.md",
    "ai/llm",
    "media/Personality-Profiles-image5.jpg",
    "media/Personality-Profiles-image4.png",
    "media/Personality-Profiles-image3.jpeg",
    "media/Personality-Profiles-image2.jpeg",
    "media/Personality-Profiles-image1.png",
    "media/Personality-Questions-to-company-image1.png",
    "office/media/Personality-Questions-to-company-image1.png",
    "about-me/jobs",
    "media/Pasted image 20230827130415.png",
    "decentralized-applications/development",
    "media/Screenshot 2023-08-24 at 11.52.42 AM.jpg",
    "media/Screenshot 2023-08-21 at 11.17.31 AM.jpg",
    "ai/data-science/tableau",
    "office.zip",
    "office/stashfin-credentials",
    "management/people-management",
    "decentralized-applications/coins-tokens-chains",
    "technologies/apache/databricks",
    "databricks"
  ]
}
